Month,Principal Balance,Accrued Interest
0,7600.0,0
1,6831.666666666667,31.666666666666668
2,6060.131944444444,60.13194444444444
3,5285.382494212963,85.38249421296297
4,4507.404921272184,107.40492127218364
5,3726.185775110818,126.18577511081774
6,2941.71154917378,141.71154917377947
7,2153.968680628671,153.96868062867023
8,1362.9435501312905,162.9435501312897
9,568.622481590171,168.62248159017008